tsr_turbine1,cp_turbine1,cd_turbine1,tsr_turbine2,cp_turbine2,cd_turbine2
6.0,0.4510826595072255,0.752417936820014,1.0,0.0019680419440584233,0.06884206894963693
6.0,0.4510529190142974,0.7523937344140019,2.0,0.013759254504378244,0.12202183811594812
6.0,0.4509860185078962,0.7523392970316347,3.0,0.09361213431268182,0.2354826662155489
6.0,0.4509421929107904,0.7523036355022914,4.0,0.13061195896368466,0.31702541346032137
6.0,0.450919068154485,0.7522848195433094,5.0,0.1367293761212954,0.3678873033908663
6.0,0.4509071810600439,0.7522751473952776,6.0,0.11845498186451098,0.4012580257337625
6.0,0.45090081333420157,0.7522699695770619,7.0,0.07427584391806764,0.42474440866890417
