tsr_turbine1,cp_turbine1,cd_turbine1,tsr_turbine2,cp_turbine2,cd_turbine2
4.0,0.2745760211060698,0.4618685818215828,1.0,0.00476886769413565,0.09336740322738443
4.0,0.27457277640184435,0.4618656433076666,2.0,0.004934692984933593,0.14017429900732334
4.0,0.2745631637664411,0.4618569423916347,3.0,0.11757999371422355,0.2736903385483493
4.0,0.2745539437395809,0.461848602109016,4.0,0.1934007839158124,0.3982686999022116
4.0,0.2745488907269062,0.4618440319222954,5.0,0.21856517084711974,0.4743243167297904
4.0,0.2745458181408643,0.4618412544447285,6.0,0.21197372178753693,0.5250982906174692
4.0,0.27454391369598397,0.4618395336515309,7.0,0.1784625453971517,0.5608446802835988
