tsr_turbine1,cp_turbine1,cd_turbine1,tsr_turbine2,cp_turbine2,cd_turbine2
6.0,0.43327487946800003,0.719237034113,1.0,0.0029065881011100005,0.0778235151259
6.0,0.4332514251100001,0.719218051278,2.0,0.01590753249,0.13301977923699998
6.0,0.43319305767800004,0.719170758002,3.0,0.10769953650399999,0.256914804626
6.0,0.433150233531,0.719136034568,4.0,0.15354361949,0.354249930863
6.0,0.433128541624,0.719118450507,5.0,0.15245275119,0.40237940137100003
6.0,0.433116822675,0.7191088969320001,6.0,0.138818085298,0.442773430062
6.0,0.433110530826,0.719103821118,7.0,0.09548918306819999,0.471383120649
